,,0
は,助詞-係助詞,11493
た,助動詞,8639
の,助詞-格助詞,7241
て,助詞-接続助詞,6556
に,助詞-格助詞,5626
が,助詞-格助詞,5091
だ,助動詞,4685
を,助詞-格助詞,4120
と,助詞-格助詞,3817
で,助詞-格助詞,3453
し,動詞-非自立可能,3267
も,助詞-係助詞,2877
よ,助詞-終助詞,2858
の,助詞-準体助詞,2844
です,助動詞,2402
人間,名詞-普通名詞-一般,2356
ね,助詞-終助詞,2190
か,助詞-終助詞,2009
な,助動詞,1990
お,接頭辞,1644
で,助動詞,1571
ん,助詞-準体助詞,1530
CO,名詞-普通名詞-一般,1508
ない,助動詞,1444
か,助詞-副助詞,1430
狼,名詞-普通名詞-一般,1375
な,助詞-終助詞,1343
だっ,助動詞,1299
ます,助動詞,1226
霊,名詞-普通名詞-一般,1149
ない,形容詞-非自立可能,1113
て,助動詞,1108
私,代名詞,1101
に,助動詞,1091
から,助詞-接続助詞,1042
けど,助詞-接続助詞,995
人狼,名詞-普通名詞-一般,986
占,,948
占い,,918
って,助詞-副助詞,916
する,動詞-非自立可能,916
が,助詞-接続助詞,907
じゃ,助動詞,873
から,助詞-格助詞,847
今日,名詞-普通名詞-副詞可能,837
てる,助動詞,825
の,助詞-終助詞,809
白,名詞-普通名詞-一般,799
狩人,,793
護衛,名詞-普通名詞-サ変可能,775
わ,助詞-終助詞,775
占い師,,741
これ,代名詞,739
こと,名詞-普通名詞-一般,737
でし,助動詞,726
ん,助動詞,693
ごめん,名詞-普通名詞-一般,683
れ,助動詞,682
なら,助動詞,681
いい,形容詞-非自立可能,657
この,連体詞,657
いる,動詞-非自立可能,642
まし,助動詞,639
たら,助動詞,630
い,動詞-非自立可能,616
確認,名詞-普通名詞-サ変可能,607
ある,動詞-非自立可能,604
村,名詞-普通名詞-一般,592
俺,代名詞,572
いう,動詞-一般,552
2,名詞-数詞,544
し,助詞-接続助詞,528
僕,,527
霊能,名詞-普通名詞-一般,522
襲撃,名詞-普通名詞-サ変可能,512
出,動詞-一般,508
非,接頭辞,507
ば,助詞-接続助詞,496
羊,名詞-普通名詞-一般,487
思っ,動詞-一般,476
よう,形状詞-助動詞語幹,462
ニコラス,名詞-固有名詞-人名-一般,457
3,名詞-数詞,454
オットー,名詞-固有名詞-人名-一般,450
リーザ,名詞-固有名詞-人名-一般,445
パメラ,名詞-普通名詞-一般,444
人,名詞-普通名詞-一般,444
カタリナ,名詞-固有名詞-人名-一般,441
先,名詞-普通名詞-副詞可能,429
それ,代名詞,428
どう,副詞,422
潜伏,名詞-普通名詞-サ変可能,421
アルビン,名詞-固有名詞-人名-一般,421
ペーター,名詞-固有名詞-人名-一般,420
シモン,名詞-固有名詞-人名-一般,414
対抗,名詞-普通名詞-サ変可能,411
クララ,名詞-固有名詞-人名-一般,410
見,動詞-非自立可能,409
と,助詞-接続助詞,409
ＣＯ,名詞-普通名詞-一般,405
ませ,助動詞,403
なっ,動詞-非自立可能,403
希望,名詞-普通名詞-サ変可能,400
黒,名詞-普通名詞-一般,396
確定,名詞-普通名詞-サ変可能,392
判定,名詞-普通名詞-サ変可能,389
ヨアヒム,名詞-固有名詞-人名-一般,383
神,名詞-普通名詞-一般,383
何,代名詞,383
もう,,378
なん,代名詞,378
灰,名詞-普通名詞-一般,371
1,名詞-数詞,370
確,形容詞,364
さ,動詞-非自立可能,364
ぜ,助詞-終助詞,362
で,助詞-接続助詞,362
まで,助詞-副助詞,361
そう,副詞,356
d,名詞-普通名詞-一般,355
き,動詞-非自立可能,349
狩,名詞-普通名詞-一般,340
兵,名詞-普通名詞-一般,336
だけ,助詞-副助詞,336
エルナ,名詞-固有名詞-人名-一般,334
その,連体詞,326
なかっ,助動詞,322
たい,助動詞,319
くれ,動詞-非自立可能,318
なさい,動詞-非自立可能,309
妙,名詞-普通名詞-形状詞可能,309
ちょっと,,308
よー,助詞-終助詞,306
気,名詞-普通名詞-一般,305
真,名詞-普通名詞-一般,301
GJ,名詞-普通名詞-一般,301
gt,名詞-普通名詞-一般,297
ヤコブ,名詞-固有名詞-人名-一般,295
思う,動詞-一般,295
商,名詞-普通名詞-一般,293
そう,形状詞-助動詞語幹,293
旅,名詞-普通名詞-サ変可能,290
せ,助動詞,287
娘,名詞-普通名詞-一般,285
ディーター,名詞-固有名詞-人名-一般,284
一,名詞-数詞,281
ここ,代名詞,274
村長,名詞-普通名詞-一般,268
なる,動詞-非自立可能,265
結果,,264
み,動詞-非自立可能,263
フリー,名詞-普通名詞-形状詞可能,263
あり,動詞-非自立可能,262
トーマス,名詞-固有名詞-人名-一般,262
青,名詞-普通名詞-一般,262
デル,名詞-普通名詞-一般,259
4,名詞-数詞,259
言っ,動詞-一般,257
昨日,,255
修,名詞-固有名詞-人名-名,255
服,名詞-普通名詞-一般,249
考え,下一段-ア行,247
的,接尾辞-形状詞的,244
ジム,名詞-固有名詞-人名-一般,243
そして,接続詞,239
決定,名詞-普通名詞-サ変可能,238
ゾン,名詞-普通名詞-一般,237
理由,名詞-普通名詞-一般,235
れる,助動詞,232
発言,名詞-普通名詞-サ変可能,225
ぞ,助詞-終助詞,225
年,名詞-普通名詞-助数詞可能,220
すま,動詞-一般,218
者,名詞-普通名詞-一般,216
時間,名詞-普通名詞-助数詞可能,211
FO,名詞-普通名詞-一般,211
だろう,助動詞,208
疲れ,名詞-普通名詞-一般,208
撤回,名詞-普通名詞-サ変可能,208
さて,接続詞,207
考察,名詞-普通名詞-サ変可能,206
皆,,203
樵,,203
統一,名詞-普通名詞-サ変可能,199
みんな,,199
あと,名詞-普通名詞-副詞可能,197
今,名詞-普通名詞-副詞可能,197
でき,動詞-非自立可能,195
回避,,194
明日,,194
リナ,名詞-固有名詞-人名-一般,193
あっ,動詞-非自立可能,189
あ,感動詞-一般,189
農,名詞-普通名詞-一般,189
本当,名詞-普通名詞-一般,188
パン,名詞-普通名詞-一般,186
方,名詞-普通名詞-一般,185
２,名詞-数詞,184
事,名詞-普通名詞-一般,184
ﾟ,名詞-普通名詞-一般,183
にゃ,助詞-格助詞,183
偽,名詞-普通名詞-一般,180
中,名詞-普通名詞-副詞可能,179
３,名詞-数詞,178
神父,名詞-普通名詞-一般,175
わけ,名詞-普通名詞-一般,175
え,感動詞-一般,174
より,助詞-格助詞,170
来,動詞-非自立可能,168
へ,助詞-格助詞,168
ん,感動詞-フィラー,168
見え,動詞-一般,167
ず,助動詞,167
出る,動詞-一般,165
つい,五段-カ行,165
よろしく,,162
なく,助動詞,162
なく,形容詞-非自立可能,162
くる,動詞-非自立可能,161
なかっ,形容詞-非自立可能,160
もの,,160
やっ,動詞-非自立可能,160
おはよう,感動詞-一般,159
ああ,感動詞-一般,158
みたい,形状詞-助動詞語幹,157
リッツ,名詞-固有名詞-一般,156
ところ,,156
うん,感動詞-一般,156
とりあえず,,156
なんて,助詞-副助詞,156
でしょう,助動詞,155
言う,動詞-一般,154
真,接頭辞,153
まあ,副詞,152
出し,動詞-非自立可能,152
１,名詞-数詞,151
前,名詞-普通名詞-副詞可能,149
宿,名詞-普通名詞-一般,148
ねー,助詞-終助詞,147
食べ,動詞-一般,145
ちゃっ,助動詞,145
無い,形容詞-非自立可能,144
ください,動詞-非自立可能,144
ため,名詞-普通名詞-副詞可能,143
占い,動詞-一般,141
議題,名詞-普通名詞-一般,141
書,名詞-普通名詞-一般,139
しまっ,動詞-非自立可能,139
できる,動詞-非自立可能,139
ん,感動詞-一般,138
狂人,名詞-普通名詞-一般,138
良い,形容詞-非自立可能,137
たかっ,助動詞,136
可能,形状詞-一般,135
ござい,動詞-非自立可能,135
願い,動詞-非自立可能,134
申し訳,名詞-普通名詞-一般,133
られ,助動詞,133
ふむ,感動詞-一般,131
ゲルト,名詞-普通名詞-一般,131
モー,名詞-固有名詞-人名-一般,131
日,接尾辞-名詞的-助数詞,131
後,名詞-普通名詞-副詞可能,129
ヨア,名詞-普通名詞-一般,129
まだ,副詞,128
自分,名詞-普通名詞-一般,127
寝,動詞-一般,127
吊り,動詞-一般,126
初日,名詞-普通名詞-副詞可能,126
ええ,感動詞-一般,126
はい,感動詞-一般,126
で,接続詞,126
しか,助詞-副助詞,125
思い,動詞-一般,125
誰,代名詞,125
や,助詞-副助詞,125
ましょう,助動詞,124
っす,助動詞,124
そんな,連体詞,124
まぁ,副詞,123
手,名詞-普通名詞-助数詞可能,123
レジーナ,名詞-固有名詞-人名-一般,122
能力,名詞-普通名詞-一般,122
生き,動詞-一般,120
べ,助詞-終助詞,120
自由,名詞-普通名詞-形状詞可能,120
多数,名詞-普通名詞-副詞可能,120
好き,形状詞-一般,119
視点,名詞-普通名詞-一般,119
そこ,代名詞,119
まま,名詞-普通名詞-副詞可能,118
さ,助詞-終助詞,118
騙り,名詞-普通名詞-一般,117
あなた,代名詞,117
なぁ,助詞-終助詞,116
場合,名詞-普通名詞-副詞可能,116
しよう,動詞-非自立可能,115
ペタ,名詞-固有名詞-人名-一般,115
ネタ,名詞-普通名詞-一般,113
占っ,動詞-一般,113
い,助詞-終助詞,113
や,助動詞,112
セット,名詞-普通名詞-サ変可能,111
決,名詞-普通名詞-一般,111
ヴァルター,名詞-固有名詞-一般,111
状況,名詞-普通名詞-一般,110
5,名詞-数詞,110
かしら,助詞-終助詞,108
ジム,名詞-普通名詞-一般,107
じゃ,助詞-格助詞,106
意味,名詞-普通名詞-サ変可能,106
なり,動詞-非自立可能,105
こんな,連体詞,105
感じ,名詞-普通名詞-一般,104
仮,名詞-普通名詞-一般,104
ありがとう,感動詞-一般,104
トマ,名詞-固有名詞-人名-一般,104
なー,助詞-終助詞,103
本,接頭辞,102
実,名詞-普通名詞-一般,102
よく,副詞,100
目,名詞-普通名詞-一般,100
やっぱり,副詞,100
また,副詞,99
つ,接尾辞-名詞的-助数詞,99
質問,名詞-普通名詞-サ変可能,99
水晶,名詞-普通名詞-一般,99
持っ,動詞-一般,98
遺言,名詞-普通名詞-サ変可能,98
a,名詞-普通名詞-一般,98
リデル,名詞-固有名詞-人名-一般,97
す,助動詞,97
つもり,名詞-普通名詞-一般,96
普通,名詞-普通名詞-形状詞可能,96
二,名詞-数詞,96
ちゃう,助動詞,94
判断,,93
少し,副詞,93
見える,動詞-一般,93
吊ら,動詞-一般,93
る,助動詞,93
シスター,名詞-普通名詞-一般,92
欲しい,形容詞-非自立可能,91
色,名詞-普通名詞-一般,91
たく,助動詞,90
必要,名詞-普通名詞-形状詞可能,89
まとめ,名詞-普通名詞-一般,89
時,名詞-普通名詞-副詞可能,89
通り,名詞-普通名詞-助数詞可能,89
一応,名詞-普通名詞-副詞可能,89
ながら,助詞-接続助詞,88
鉄板,名詞-普通名詞-一般,87
玉,名詞-普通名詞-助数詞可能,87
村人,,87
ディタ,名詞-普通名詞-一般,86
読ん,動詞-一般,86
お前,代名詞,86
どこ,代名詞,85
無駄,名詞-普通名詞-形状詞可能,85
くれる,動詞-非自立可能,84
おお,,84
投票,名詞-普通名詞-サ変可能,83
さあ,感動詞-一般,83
日,,83
喉,名詞-普通名詞-一般,83
ＧＪ,名詞-普通名詞-一般,83
鳩,名詞-普通名詞-一般,82
白い,形容詞-一般,82
言わ,動詞-一般,82
情報,名詞-普通名詞-一般,82
もし,副詞,82
あれ,,82
正体,名詞-普通名詞-一般,81
悪い,形容詞-一般,81
なに,,81
縄,名詞-普通名詞-一般,81
わし,代名詞,80
ご,接頭辞,80
出来,動詞-非自立可能,80
長,名詞-普通名詞-一般,80
こう,,80
いや,感動詞-一般,79
予想,名詞-普通名詞-サ変可能,79
ニコ,名詞-固有名詞-人名-一般,79
回し,動詞-一般,79
発表,名詞-普通名詞-サ変可能,79
意見,名詞-普通名詞-サ変可能,78
以上,名詞-普通名詞-副詞可能,78
はず,名詞-普通名詞-一般,78
じゃあ,接続詞,78
狙い,名詞-普通名詞-一般,78
ｗ,名詞-普通名詞-一般,78
見る,動詞-非自立可能,78
リザ,名詞-固有名詞-人名-一般,78
姿,名詞-普通名詞-一般,77
流れ,名詞-普通名詞-一般,77
夜,名詞-普通名詞-副詞可能,77
最後,名詞-普通名詞-一般,77
まとめ役,名詞-普通名詞-一般,77
他,名詞-普通名詞-副詞可能,77
爺,名詞-普通名詞-一般,76
耳,名詞-普通名詞-一般,76
４,名詞-数詞,76
老,,75
だろ,助動詞,74
ッス,助動詞,74
回答,名詞-普通名詞-サ変可能,73
ほしい,形容詞-非自立可能,73
第,接頭辞,73
入っ,動詞-一般,73
ぼく,,72
反応,名詞-普通名詞-サ変可能,72
出す,動詞-非自立可能,72
ほう,名詞-普通名詞-一般,72
日記,名詞-普通名詞-一般,72
なし,名詞-普通名詞-一般,72
非非,名詞-普通名詞-一般,71
o,名詞-普通名詞-一般,71
尻尾,名詞-普通名詞-一般,71
兄,名詞-普通名詞-一般,71
抜か,動詞-非自立可能,71
０,名詞-数詞,71
多い,形容詞,71
視,接尾辞-名詞的-サ変可能,71
やる,動詞-非自立可能,70
部屋,名詞-普通名詞-一般,70
一緒,名詞-普通名詞-サ変可能,69
て,助詞-副助詞,69
すみ,動詞-一般,69
色々,副詞,69
聞い,動詞-一般,69
あの,連体詞,68
候補,名詞-普通名詞-一般,68
もらう,動詞-非自立可能,68
度,名詞-普通名詞-助数詞可能,68
三,名詞-数詞,68
寝る,動詞-一般,67
みる,動詞-非自立可能,67
匹,接尾辞-名詞的-助数詞,67
時,名詞-普通名詞-助数詞可能,67
オト,名詞-固有名詞-人名-一般,66
票,名詞-普通名詞-助数詞可能,66
待っ,動詞-一般,66
旅人,名詞-普通名詞-一般,66
いつ,代名詞,65
とき,名詞-普通名詞-副詞可能,65
信用,名詞-普通名詞-サ変可能,65
っぽい,接尾辞-形容詞的,64
教え,動詞-一般,64
以外,名詞-普通名詞-副詞可能,64
本,名詞-普通名詞-一般,64
入れ,動詞-一般,64
任せ,動詞-一般,64
書い,動詞-一般,63
まず,副詞,63
相手,名詞-普通名詞-一般,63
一番,,63
ござる,動詞-非自立可能,63
つ,助詞-副助詞,63
感,名詞-普通名詞-一般,62
良かっ,形容詞-非自立可能,62
おく,動詞-非自立可能,62
よし,感動詞-一般,62
墓下,名詞-普通名詞-一般,62
姉,名詞-普通名詞-一般,62
べき,助動詞,62
吊っ,動詞-一般,62
占う,動詞-一般,62
わから,動詞-一般,61
夜明け,名詞-普通名詞-一般,61
来る,動詞-非自立可能,61
じゃっ,助動詞,61
疑っ,動詞-一般,61
よかっ,形容詞-非自立可能,61
大丈夫,形状詞-一般,61
なら,動詞-非自立可能,61
出来る,動詞-非自立可能,61
声,名詞-普通名詞-一般,61
仕事,名詞-普通名詞-サ変可能,61
リズ,名詞-固有名詞-人名-一般,61
ちなみ,名詞-普通名詞-一般,61
外し,動詞-一般,61
回,名詞-普通名詞-助数詞可能,61
力,名詞-普通名詞-一般,60
やら,助詞-副助詞,60
ちょ,副詞,60
守っ,動詞-一般,60
パメ,名詞-普通名詞-一般,60
了解,名詞-普通名詞-サ変可能,60
いく,動詞-非自立可能,60
こそ,助詞-係助詞,60
う,感動詞-フィラー,60
ＦＯ,名詞-普通名詞-一般,60
自信,名詞-普通名詞-サ変可能,60
うち,名詞-普通名詞-副詞可能,59
のう,助詞-終助詞,59
全員,名詞-普通名詞-副詞可能,59
ボク,,59
行っ,動詞-非自立可能,58
ずっと,副詞,58
頭,,58
作っ,動詞-一般,58
また,接続詞,58
君,代名詞,58
くらい,助詞-副助詞,57
なあ,助詞-終助詞,57
さぁ,感動詞-一般,57
議事,名詞-普通名詞-一般,57
遅れ,動詞-非自立可能,57
無理,名詞-普通名詞-形状詞可能,57
子,名詞-普通名詞-一般,57
顔,名詞-普通名詞-一般,57
じい,名詞-普通名詞-一般,57
しれ,動詞-一般,56
中,接尾辞-名詞的-副詞可能,56
うーん,,56
正直,副詞,56
ロラ,名詞-普通名詞-一般,56
要素,名詞-普通名詞-一般,55
考える,下一段-ア行,55
よっ,動詞-一般,55
訳,名詞-普通名詞-一般,55
心,,55
レジ,名詞-普通名詞-一般,55
彼,代名詞,54
宣言,名詞-普通名詞-サ変可能,54
遅く,形容詞,54
残念,形状詞-一般,54
信じ,動詞-一般,54
まさか,副詞,54
嘘,名詞-普通名詞-一般,54
ねぇ,助詞-終助詞,54
思考,名詞-普通名詞-サ変可能,53
あら,,53
初回,名詞-普通名詞-一般,53
最初,名詞-普通名詞-副詞可能,53
～,助詞-格助詞,53
話,名詞-普通名詞-サ変可能,53
特に,副詞,53
タイミング,名詞-普通名詞-一般,53
個人,名詞-普通名詞-一般,53
ただ,名詞-普通名詞-一般,53
光,名詞-普通名詞-一般,52
出さ,動詞-非自立可能,52
下さい,動詞-非自立可能,52
おい,感動詞-一般,52
スライド,名詞-普通名詞-サ変可能,52
言い,動詞-一般,52
頑張っ,動詞-一般,51
老,接頭辞,51
やり,動詞-非自立可能,51
こっち,代名詞,50
透け,動詞-一般,50
ｗｗｗ,名詞-普通名詞-一般,50
間違い,名詞-普通名詞-一般,50
co,名詞-普通名詞-一般,50
少女,名詞-普通名詞-一般,50
たり,助詞-副助詞,50
尼,名詞-普通名詞-一般,50
見つけ,動詞-一般,49
可愛い,形容詞-一般,49
朝,名詞-普通名詞-副詞可能,49
り,助動詞,49
パンツ,,49
忘れ,動詞-非自立可能,49
思わ,動詞-一般,49
せ,動詞-非自立可能,49
ニコ,副詞,49
もっと,副詞,49
られる,助動詞,49
魂,名詞-普通名詞-一般,48
LW,名詞-普通名詞-一般,48
かけ,動詞-非自立可能,48
もらっ,動詞-非自立可能,48
おき,動詞-非自立可能,48
反対,名詞-普通名詞-サ変形状詞可能,48
違う,動詞-一般,48
上,,48
陣形,名詞-普通名詞-一般,47
もふもふ,副詞,47
えっ,感動詞-一般,47
ぬ,助動詞,47
いけ,動詞-非自立可能,47
どっち,代名詞,47
う,感動詞-一般,47
え,感動詞-フィラー,47
や,助詞-終助詞,47
分,名詞-普通名詞-助数詞可能,47
ライン,名詞-普通名詞-一般,47
みな,,47
方法,名詞-普通名詞-一般,47
男,名詞-普通名詞-一般,47
別,名詞-普通名詞-形状詞可能,47
吊る,動詞-一般,46
しまい,動詞-非自立可能,46
決め,動詞-一般,46
こ,動詞-非自立可能,46
ぞい,助詞-終助詞,46
ブラフ,名詞-普通名詞-一般,46
えー,感動詞-フィラー,46
見せ,動詞-非自立可能,46
夢,名詞-普通名詞-一般,46
回っ,動詞-非自立可能,46
あれ,動詞-非自立可能,46
噛ま,動詞-一般,46
引け,動詞-一般,46
わかっ,動詞-一般,46
あれ,代名詞,46
年,名詞-普通名詞-副詞可能,46
本日,名詞-普通名詞-副詞可能,45
いっ,動詞-一般,45
噛み,動詞-一般,45
所,,45
絶対,名詞-普通名詞-副詞可能,45
行く,動詞-非自立可能,45
始まっ,動詞-一般,45
0,名詞-数詞,44
回し,名詞-普通名詞-一般,44
ふ,接頭辞,44
主,名詞-普通名詞-一般,44
っと,助詞-格助詞,44
分から,動詞-一般,44
死ん,動詞-一般,44
仕方ない,形容詞-一般,44
め,名詞-普通名詞-一般,44
なんか,助詞-副助詞,44
む,感動詞-一般,44
知っ,動詞-一般,44
かー,助詞-終助詞,44
もん,名詞-普通名詞-一般,43
次,名詞-普通名詞-一般,43
ホント,名詞-普通名詞-一般,43
迷っ,動詞-一般,43
文,名詞-普通名詞-一般,43
しかし,接続詞,43
あー,感動詞-フィラー,43
印象,名詞-普通名詞-一般,43
ほど,助詞-副助詞,43
ま,感動詞-フィラー,43
今回,名詞-普通名詞-副詞可能,43
お,感動詞-一般,43
みよう,動詞-非自立可能,43
様子,名詞-普通名詞-一般,43
ミス,名詞-普通名詞-サ変可能,42
ヤコ,名詞-普通名詞-一般,42
じゃ,接続詞,42
たー,助動詞,42
フリ,,42
あたし,代名詞,42
ぢゃ,助動詞,42
つつ,助詞-接続助詞,42
用意,名詞-普通名詞-サ変可能,42
期待,名詞-普通名詞-サ変可能,42
守る,動詞-一般,42
奴,名詞-普通名詞-一般,41
ｄ,名詞-普通名詞-一般,41
以降,名詞-普通名詞-副詞可能,41
説明,名詞-普通名詞-サ変可能,41
そんな,形状詞-一般,41
そん,連体詞,41
さすが,副詞,41
さぁ,助詞-終助詞,41
でる,助動詞,41
死体,名詞-普通名詞-一般,41
失礼,名詞-普通名詞-サ変形状詞可能,41
ダメ,名詞-普通名詞-形状詞可能,41
あげる,動詞-非自立可能,41
つまり,副詞,40
ちゃんと,副詞,40
6,名詞-数詞,40
戻っ,動詞-一般,40
吊,名詞-普通名詞-一般,40
死,名詞-普通名詞-一般,40
しまう,動詞-非自立可能,40
改めて,副詞,40
居,動詞-非自立可能,40
あまり,副詞,40
嫌,形状詞-一般,40
吊れ,動詞-一般,40
起き,動詞-一般,40
言葉,名詞-普通名詞-一般,40
次第,名詞-普通名詞-副詞可能,40
怖い,形容詞-一般,40
本,接尾辞-名詞的-助数詞,39
毛,名詞-普通名詞-一般,39
分かっ,動詞-一般,39
黒い,形容詞-一般,39
すれ,動詞-非自立可能,39
感じ,動詞-一般,39
安心,名詞-普通名詞-サ変形状詞可能,39
だー,助動詞,39
ちゃ,助詞-接続助詞,39
時点,,38
のみ,助詞-副助詞,38
仲間,名詞-普通名詞-一般,38
とく,助動詞,38
いえ,動詞-一般,38
余裕,名詞-普通名詞-一般,38
頑張る,動詞-一般,38
分,名詞-普通名詞-副詞可能,38
獣,名詞-普通名詞-一般,38
白く,形容詞-一般,38
落ち,動詞-一般,38
問題,名詞-普通名詞-一般,38
もっ,動詞-一般,38
早く,形容詞-一般,38
っぺ,名詞-普通名詞-一般,38
魔法,名詞-普通名詞-一般,38
わたし,代名詞,38
やすい,接尾辞-形容詞的,38
ヴァルター,名詞-固有名詞-人名-一般,38
帰っ,動詞-一般,38
とっ,動詞-一般,38
野菜,名詞-普通名詞-一般,37
早速,副詞,37
怪しい,形容詞,37
すぎ,動詞-非自立可能,37
もらい,動詞-非自立可能,37
あり,名詞-普通名詞-一般,37
酒,名詞-普通名詞-一般,37
ちまっ,助動詞,37
あ,感動詞-フィラー,37
鏡,名詞-普通名詞-一般,37
役,名詞-普通名詞-一般,37
わかる,動詞-一般,37
残り,名詞-普通名詞-一般,37
確実,形状詞-一般,37
推理,名詞-普通名詞-サ変可能,37
真っ白,形状詞-一般,37
世界,,37
ならず者,名詞-普通名詞-一般,36
アル,名詞-普通名詞-一般,36
緑,名詞-普通名詞-一般,36
真実,名詞-普通名詞-一般,36
早い,形容詞-一般,36
独断,名詞-普通名詞-サ変可能,36
家,名詞-普通名詞-一般,36
二人,,36
選ん,動詞-一般,36
以下,名詞-普通名詞-一般,36
食わ,動詞-一般,36
やっと,,36
ラオ,名詞-固有名詞-一般,36
取り急ぎ,名詞-普通名詞-副詞可能,36
でしょ,助動詞,36
いっ,動詞-非自立可能,36
あー,感動詞-一般,36
ただ,接続詞,36
すい,動詞-一般,36
あぁ,感動詞-一般,36
おる,動詞-非自立可能,35
どちら,代名詞,35
いろいろ,副詞,35
議論,名詞-普通名詞-サ変可能,35
ほら,感動詞-一般,35
モリ,名詞-固有名詞-人名-姓,35
一人,名詞-普通名詞-副詞可能,35
つけ,動詞-非自立可能,35
はぁ,,35
嬉しい,形容詞-一般,35
なるほど,副詞,35
間,名詞-普通名詞-副詞可能,35
後,接尾辞-名詞的-副詞可能,35
なぜ,副詞,35
など,助詞-副助詞,35
ふん,,35
すぐ,副詞,35
アル,名詞-固有名詞-人名-一般,35
言え,動詞-一般,34
分かる,動詞-一般,34
確,形状詞-タリ,34
んで,,34
00,名詞-数詞,34
そろそろ,副詞,34
好み,,34
占師,,34
とこ,,34
モン,名詞-普通名詞-一般,34
流石,副詞,34
あの,感動詞-フィラー,34
おい,動詞-非自立可能,34
味,名詞-普通名詞-一般,34
せる,助動詞,34
指示,名詞-普通名詞-サ変可能,34
やはり,副詞,34
苦手,,34
老人,名詞-普通名詞-一般,34
結構,副詞,34
長,接頭辞,33
どうぞ,副詞,33
エピ,名詞-普通名詞-一般,33
同時,,33
口,名詞-普通名詞-一般,33
農夫,名詞-普通名詞-一般,33
なけれ,助動詞,33
おや,,33
無し,名詞-普通名詞-一般,33
答え,下一段-ア行,33
全部,名詞-普通名詞-副詞可能,33
寡黙,名詞-普通名詞-形状詞可能,33
ありがと,感動詞-一般,32
で,動詞-一般,32
全く,,32
続い,動詞-非自立可能,32
頼む,動詞-一般,32
オラ,代名詞,32
変え,動詞-一般,32
モーリッツ,名詞-固有名詞-人名-一般,32
予定,名詞-普通名詞-サ変可能,32
ほぼ,副詞,32
やすみ,名詞-普通名詞-一般,32
すぎる,動詞-非自立可能,32
出せ,動詞-非自立可能,32
エア,名詞-普通名詞-一般,32
ゴメン,名詞-普通名詞-一般,32
今夜,名詞-普通名詞-副詞可能,32
５,名詞-数詞,32
取っ,動詞-一般,32
わかり,動詞-一般,32
どんな,連体詞,32
痛い,形容詞-一般,32
あげ,動詞-非自立可能,32
回す,動詞-一般,32
位置,名詞-普通名詞-サ変可能,32
ふふふ,感動詞-一般,32
側,名詞-普通名詞-一般,32
悩ん,動詞-一般,32
考え,名詞-普通名詞-一般,31
意図,名詞-普通名詞-サ変可能,31
長,形容詞-一般,31
村側,名詞-普通名詞-一般,31
使っ,動詞-一般,31
そ,副詞,31
けれど,助詞-接続助詞,31
完全,形状詞-一般,31
ペタ,名詞-普通名詞-助数詞可能,31
引い,動詞-一般,31
為,名詞-普通名詞-副詞可能,31
青年,名詞-普通名詞-一般,31
調べ,動詞-一般,31
しっかり,副詞,31
把握,名詞-普通名詞-サ変可能,31
写真,名詞-普通名詞-一般,31
にんげん,名詞-普通名詞-一般,30
微妙,形状詞-一般,30
対象,名詞-普通名詞-一般,30
or,名詞-普通名詞-一般,30
何故,副詞,30
んかっ,助動詞,30
エル,名詞-固有名詞-人名-一般,30
さてさて,接続詞,30
い,感動詞-フィラー,30
略,,30
更新,名詞-普通名詞-サ変可能,30
ジムゾン,名詞-固有名詞-人名-一般,30
ほんと,名詞-普通名詞-一般,30
最近,名詞-普通名詞-副詞可能,30
いか,動詞-非自立可能,30
ねー,形容詞-非自立可能,29
とい,助動詞,29
展開,名詞-普通名詞-サ変可能,29
さー,助詞-終助詞,29
д,名詞-普通名詞-一般,29
待つ,動詞-一般,29
どれ,感動詞-一般,29
御,接頭辞,29
陣営,名詞-普通名詞-一般,29
本人,名詞-普通名詞-一般,29
7,名詞-数詞,29
肉,名詞-普通名詞-一般,29
変,名詞-普通名詞-形状詞可能,29
表,名詞-普通名詞-一般,29
空気,名詞-普通名詞-一般,29
始め,動詞-非自立可能,29
orz,名詞-普通名詞-一般,29
あっ,感動詞-一般,29
限り,,29
幽霊,名詞-普通名詞-一般,29
待ち,動詞-一般,29
らしい,助動詞,28
大,接頭辞,28
混乱,名詞-普通名詞-サ変可能,28
のー,助詞-終助詞,28
こいつ,代名詞,28
ぱん,名詞-普通名詞-一般,28
Д,名詞-普通名詞-一般,28
15,名詞-数詞,28
にくい,接尾辞-形容詞的,28
なる,助動詞,28
つ,助動詞,28
髭,名詞-普通名詞-一般,28
最終,名詞-普通名詞-一般,28
箱,名詞-普通名詞-一般,28
増え,動詞-一般,28
あんまり,副詞,28
大事,,28
状態,名詞-普通名詞-一般,28
不,接頭辞,28
花,名詞-普通名詞-一般,28
眠い,形容詞,28
負傷,名詞-普通名詞-サ変可能,28
回り,動詞-非自立可能,28
行き,動詞-非自立可能,28
貴方,代名詞,28
いただき,動詞-非自立可能,28
やめ,動詞-一般,28
点,名詞-普通名詞-助数詞可能,27
っけ,助詞-終助詞,27
ちょ,助詞-終助詞,27
ちゃい,助動詞,27
決め打ち,名詞-普通名詞-一般,27
間違え,下一段-ア行,27
愛,名詞-普通名詞-一般,27
かわいい,形容詞-一般,27
まー,感動詞-フィラー,27
しかも,接続詞,27
10,名詞-数詞,27
下,名詞-普通名詞-一般,27
もちろん,副詞,27
シモ,名詞-固有名詞-人名-一般,27
既に,副詞,27
半数,名詞-普通名詞-一般,27
ん,助詞-格助詞,27
ねー,助動詞,27
びっくり,名詞-普通名詞-サ変可能,27
かなり,副詞,27
狩り,名詞-普通名詞-一般,27
むしろ,副詞,27
美味しい,形容詞,27
ある,連体詞,27
気持ち,名詞-普通名詞-一般,27
すごい,形容詞-一般,27
聞こえ,動詞-一般,27
帽子,名詞-普通名詞-一般,27
変更,名詞-普通名詞-サ変可能,27
居る,動詞-非自立可能,27
星,名詞-普通名詞-一般,27
与え,動詞-一般,27
面白い,形容詞-一般,27
全然,副詞,26
結局,,26
残っ,動詞-一般,26
おっと,感動詞-一般,26
なれ,動詞-非自立可能,26
相談,名詞-普通名詞-サ変可能,26
仕立て屋,名詞-普通名詞-一般,26
素直,形状詞-一般,26
人形,名詞-普通名詞-一般,26
見事,形状詞-一般,26
教会,名詞-普通名詞-一般,26
おー,感動詞-フィラー,26
行商,名詞-普通名詞-サ変可能,26
女の子,名詞-普通名詞-一般,26
まじ,形状詞-一般,26
えっと,感動詞-フィラー,26
多分,副詞,26
心配,名詞-普通名詞-サ変形状詞可能,26
枠,名詞-普通名詞-一般,26
秘密,名詞-普通名詞-形状詞可能,26
んー,感動詞-フィラー,26
任せる,動詞-一般,26
大きな,連体詞,26
当然,副詞,26
おり,動詞-非自立可能,26
風呂,,26
鍋,名詞-普通名詞-一般,26
こちら,代名詞,26
しっぽ,名詞-普通名詞-一般,26
体,名詞-普通名詞-一般,26
抜き,名詞-普通名詞-一般,26
やら,動詞-非自立可能,26
よい,形容詞-非自立可能,26
さっそく,副詞,26
金,名詞-普通名詞-一般,26
宜しく,,26
人外,名詞-普通名詞-一般,26
チョコ,名詞-普通名詞-一般,25
得,動詞-非自立可能,25
疑い,名詞-普通名詞-一般,25
内訳,名詞-普通名詞-一般,25
メリット,名詞-普通名詞-一般,25
やっぱ,,25
より,動詞-一般,25
放置,,25
だす,動詞-非自立可能,25
無かっ,形容詞-非自立可能,25
元,,25
置い,動詞-非自立可能,25
案,名詞-普通名詞-一般,25
履歴,名詞-普通名詞-一般,25
黙っ,動詞-一般,25
ロケット,,25
白,接頭辞,25
大好き,形状詞-一般,25
にゃー,副詞,25
いたし,五段-サ行,25
数,名詞-普通名詞-一般,25
させ,助動詞,25
ばかり,助詞-副助詞,25
２人,,25
諸々,名詞-普通名詞-一般,25
女,名詞-普通名詞-一般,25
先着,名詞-普通名詞-サ変可能,25
占わ,動詞-一般,25
少年,名詞-普通名詞-一般,25
マジ,形状詞-一般,25
ょ,助詞-終助詞,25
こんな,形状詞-一般,24
不思議,名詞-普通名詞-形状詞可能,24
名,名詞-普通名詞-一般,24
ｳｼ,名詞-普通名詞-一般,24
カン,名詞-普通名詞-一般,24
ふふ,感動詞-一般,24
意外,,24
カレー,名詞-普通名詞-一般,24
よる,動詞-一般,24
ジンギス,名詞-固有名詞-人名-一般,24
メモ,名詞-普通名詞-サ変可能,24
適当,名詞-普通名詞-サ変形状詞可能,24
仕方,名詞-普通名詞-一般,24
うわ,感動詞-一般,24
髪の毛,名詞-普通名詞-一般,24
癶,名詞-普通名詞-一般,24
知ら,動詞-一般,24
真贋,名詞-普通名詞-一般,24
使う,動詞-一般,24
髪,名詞-普通名詞-一般,24
納得,名詞-普通名詞-サ変可能,24
勿論,副詞,24
読め,動詞-一般,24
銀,名詞-普通名詞-一般,24
げ,接尾辞-形状詞的,24
現状,名詞-普通名詞-一般,24
終了,名詞-普通名詞-サ変可能,24
ローラー,,24
いき,動詞-非自立可能,24
ﾞｬ,名詞-普通名詞-一般,24
確か,形状詞-一般,24
方,名詞-普通名詞-助数詞可能,24
リアル,名詞-普通名詞-形状詞可能,24
で,助詞-終助詞,23
途中,名詞-普通名詞-副詞可能,23
にゃん,副詞,23
理解,名詞-普通名詞-サ変可能,23
ゲスト,名詞-普通名詞-一般,23
プロ,名詞-普通名詞-一般,23
過,接頭辞,23
ねぇ,助動詞,23
じゃん,助詞-終助詞,23
リー,名詞-固有名詞-人名-一般,23
勝負,名詞-普通名詞-サ変可能,23
うむ,感動詞-一般,23
とも,接尾辞-名詞的-副詞可能,23
探し,動詞-一般,23
文字,名詞-普通名詞-一般,23
本気,名詞-普通名詞-形状詞可能,23
赤,名詞-普通名詞-一般,23
優先,名詞-普通名詞-サ変可能,23
両,接頭辞,23
安らか,形状詞-一般,23
さーて,感動詞-一般,23
機能,名詞-普通名詞-サ変可能,23
つかれ,名詞-普通名詞-一般,23
綺麗,形状詞-一般,23
ジムゾン,名詞-普通名詞-一般,23
ゆっくり,副詞,23
嫌い,名詞-普通名詞-形状詞可能,23
アル,名詞-固有名詞-一般,23
自己,名詞-普通名詞-一般,23
月,名詞-普通名詞-助数詞可能,23
順,名詞-普通名詞-一般,23
こんばんは,感動詞-一般,23
かぁ,助詞-終助詞,23
全て,名詞-普通名詞-副詞可能,23
必ず,副詞,23
生存,名詞-普通名詞-サ変可能,23
ねぇ,形容詞-非自立可能,23
同じ,連体詞,23
おいしい,形容詞,23
りな,名詞-固有名詞-人名-名,23
ログ,名詞-普通名詞-一般,23
超,接頭辞,23
羊飼い,名詞-普通名詞-一般,22
ふぅ,感動詞-一般,22
のぅ,助詞-終助詞,22
ねえ,形容詞-非自立可能,22
たぶん,副詞,22
筋,名詞-普通名詞-助数詞可能,22
愛し,動詞-一般,22
ナイス,名詞-普通名詞-形状詞可能,22
変化,名詞-普通名詞-サ変可能,22
強い,形容詞-一般,22
めでとう,形容詞-一般,22
準備,名詞-普通名詞-サ変可能,22
もぐもぐ,副詞,22
襲わ,五段-ワア行,22
斧,名詞-普通名詞-一般,22
っぽく,接尾辞-形容詞的,22
墓,名詞-普通名詞-一般,22
懺悔,,22
何,名詞-数詞,22
30,名詞-数詞,22
血,名詞-普通名詞-一般,22
落とし,動詞-一般,22
すごく,形容詞-一般,22
父,,22
棒,名詞-普通名詞-一般,22
終わっ,動詞-非自立可能,22
不安,名詞-普通名詞-形状詞可能,22
隠し,動詞-一般,22
いま,名詞-普通名詞-副詞可能,22
進行,名詞-普通名詞-サ変可能,22
ララ,名詞-固有名詞-人名-一般,22
わー,感動詞-一般,22
過ぎ,動詞-非自立可能,22
幸せ,名詞-普通名詞-形状詞可能,22
関係,名詞-普通名詞-サ変可能,22
まえ,名詞-普通名詞-副詞可能,21
頃,名詞-普通名詞-副詞可能,21
クラ,名詞-固有名詞-地名-一般,21
なさ,形容詞-非自立可能,21
序盤,名詞-普通名詞-一般,21
不明,名詞-普通名詞-形状詞可能,21
生え,動詞-一般,21
場,名詞-普通名詞-一般,21
参加,名詞-普通名詞-サ変可能,21
あああ,感動詞-一般,21
自身,名詞-普通名詞-副詞可能,21
だめ,名詞-普通名詞-形状詞可能,21
いら,動詞-一般,21
分かり,動詞-一般,21
切れ,動詞-非自立可能,21
もらおう,動詞-非自立可能,21
山,名詞-普通名詞-一般,21
土,名詞-普通名詞-一般,21
そん,代名詞,21
ニート,名詞-普通名詞-一般,21
偽装,名詞-普通名詞-サ変可能,21
天,名詞-普通名詞-一般,21
避け,動詞-一般,21
感謝,名詞-普通名詞-サ変可能,21
即,副詞,21
失敗,名詞-普通名詞-サ変可能,21
残さ,動詞-一般,21
飲ん,動詞-一般,21
どうせ,副詞,21
筋肉,名詞-普通名詞-一般,21
女性,名詞-普通名詞-一般,21
枕,名詞-普通名詞-一般,21
けど,接続詞,21
きっと,副詞,21
死者,,21
やすみ,動詞-一般,21
おっ,動詞-非自立可能,21
じゃあ,助詞-格助詞,21
拙者,代名詞,21
よぉ,助詞-終助詞,21
見れ,動詞-非自立可能,20
落ち,名詞-普通名詞-一般,20
いらっしゃい,動詞-非自立可能,20
よう,形容詞-非自立可能,20
音,名詞-普通名詞-一般,20
はー,,20
なきゃ,助動詞,20
動い,動詞-一般,20
すぎ,接尾辞-形状詞的,20
とる,助動詞,20
触れ,動詞-一般,20
供え,下一段-ア行,20
続け,動詞-非自立可能,20
GJ,名詞-固有名詞-一般,20
ヨ,助詞-終助詞,20
疑問,名詞-普通名詞-一般,20
す,動詞-非自立可能,20
お,感動詞-フィラー,20
木こり,,20
突然,副詞,20
汝,,20
動き,名詞-普通名詞-一般,20
真霊,名詞-普通名詞-一般,20
ディタ,名詞-固有名詞-人名-一般,20
ど,助詞-接続助詞,20
しろ,動詞-非自立可能,20
村娘,名詞-普通名詞-一般,20
焼い,動詞-一般,20
ただいま,,20
司書,名詞-普通名詞-一般,20
平和,名詞-普通名詞-形状詞可能,20
料理,名詞-普通名詞-サ変可能,20
D,名詞-普通名詞-一般,20
特別,形状詞-一般,20
ヴァル,名詞-固有名詞-一般,20
思え,動詞-一般,20
疑わ,動詞-一般,20
まとめ,動詞-一般,20
抜け,動詞-非自立可能,20
喰わ,動詞-一般,20
謎,名詞-普通名詞-一般,20
ついで,名詞-普通名詞-一般,19
優しい,形容詞,19
基本,名詞-普通名詞-一般,19
いきなり,副詞,19
聞く,動詞-一般,19
頑張り,動詞-一般,19
ケーキ,名詞-普通名詞-一般,19
せい,名詞-普通名詞-一般,19
正解,名詞-普通名詞-サ変可能,19
敵,名詞-普通名詞-一般,19
おぉ,,19
番,名詞-普通名詞-助数詞可能,19
悪く,形容詞-一般,19
真狩,名詞-固有名詞-地名-一般,19
商人,名詞-普通名詞-一般,19
詰み,名詞-普通名詞-一般,19
能,,19
G,名詞-普通名詞-一般,19
一気,名詞-普通名詞-一般,19
イエス,名詞-固有名詞-人名-一般,19
なになに,,19
さっさと,副詞,19
形,名詞-普通名詞-一般,19
赤い,形容詞-一般,19
受け,動詞-一般,19
逆,名詞-普通名詞-形状詞可能,19
我,代名詞,19
開い,動詞-一般,19
モー,名詞-普通名詞-助数詞可能,19
関し,動詞-一般,19
変態,名詞-普通名詞-サ変可能,19
シモ,名詞-普通名詞-一般,19
フランス,名詞-固有名詞-地名-国,19
24,名詞-数詞,19
子羊,,19
聞き,動詞-一般,19
葉っぱ,名詞-普通名詞-一般,18
切っ,動詞-非自立可能,18
残し,動詞-一般,18
勝利,名詞-普通名詞-サ変可能,18
狙っ,動詞-一般,18
アレ,代名詞,18
恋,名詞-普通名詞-サ変可能,18
ううう,感動詞-一般,18
大きく,形容詞-一般,18
負け,動詞-一般,18
斑,名詞-普通名詞-一般,18
華麗,名詞-普通名詞-形状詞可能,18
大きい,形容詞-一般,18
現れ,動詞-一般,18
図書,名詞-普通名詞-一般,18
手順,,18
隠さ,動詞-一般,18
激しく,形容詞-一般,18
lt,名詞-普通名詞-一般,18
頂き,動詞-非自立可能,18
てん,助動詞,18
仲良く,副詞,18
ワシ,名詞-普通名詞-一般,18
w,名詞-普通名詞-一般,18
早め,形状詞-一般,18
やつ,名詞-普通名詞-一般,18
安定,名詞-普通名詞-サ変形状詞可能,18
菓子,名詞-普通名詞-一般,18
逃げ,動詞-一般,18
モーリッツ,名詞-普通名詞-一般,18
感想,名詞-普通名詞-一般,18
踏ん,動詞-一般,18
視界,名詞-普通名詞-一般,18
いれ,動詞-非自立可能,18
そっと,副詞,18
おじ,名詞-普通名詞-一般,18
猫,名詞-普通名詞-一般,18
儂,代名詞,18
食べる,動詞-一般,18
方針,名詞-普通名詞-一般,18
許し,動詞-一般,18
寝坊,名詞-普通名詞-形状詞可能,18
着,動詞-一般,18
ぐらい,助詞-副助詞,18
なけれ,形容詞-非自立可能,18
まかせ,動詞-一般,18
デス,助動詞,17
だぁ,助動詞,17
致し,五段-サ行,17
最悪,名詞-普通名詞-形状詞可能,17
ついに,副詞,17
ネ,助詞-終助詞,17
興味,,17
話し,動詞-一般,17
幼女,名詞-普通名詞-一般,17
彼女,代名詞,17
光っ,動詞-一般,17
成功,名詞-普通名詞-サ変可能,17
12,名詞-数詞,17
さっき,名詞-普通名詞-副詞可能,17
解除,名詞-普通名詞-サ変可能,17
先輩,名詞-普通名詞-一般,17
23,名詞-数詞,17
変わら,動詞-一般,17
コレ,代名詞,17
ちょい,副詞,17
できれ,動詞-非自立可能,17
取れ,動詞-一般,17
晩,名詞-普通名詞-副詞可能,17
裏,名詞-普通名詞-一般,17
せめて,副詞,17
粉,名詞-普通名詞-一般,17
ねえ,助詞-終助詞,17
ワシ,代名詞,17
覚悟,,17
実際,名詞-普通名詞-副詞可能,17
身体,名詞-普通名詞-一般,17
ねぇ,感動詞-一般,17
詳しく,形容詞-一般,17
客,名詞-普通名詞-一般,17
困る,動詞-一般,17
急,名詞-普通名詞-形状詞可能,17
使い,動詞-一般,17
物,,17
素敵,形状詞-一般,17
当て,動詞-一般,17
正しい,形容詞-一般,17
存在,名詞-普通名詞-サ変可能,17
少ない,形容詞-一般,17
嬢,名詞-普通名詞-一般,17
待て,動詞-一般,17
ぱふぱふ,副詞,17
やっ,助動詞,17
発見,名詞-普通名詞-サ変可能,17
どれ,代名詞,17
つー,助動詞,17
騙っ,動詞-一般,17
対し,動詞-一般,17
水,名詞-普通名詞-一般,17
うふふ,感動詞-一般,17
消え,動詞-一般,17
負,名詞-普通名詞-一般,17
ねる,動詞-一般,17
同じ,形状詞-一般,17
タイプ,名詞-普通名詞-一般,17
そうそう,感動詞-一般,17
遅い,形容詞,17
違和,名詞-普通名詞-一般,17
が,接続詞,17
胸,名詞-普通名詞-一般,17
足り,動詞-一般,17
迷惑,名詞-普通名詞-サ変形状詞可能,16
取り敢えず,,16
ですぅ,助動詞,16
しょう,名詞-普通名詞-一般,16
婆,名詞-普通名詞-一般,16
今度,名詞-普通名詞-副詞可能,16
本性,,16
初めて,副詞,16
作る,動詞-一般,16
おいら,代名詞,16
当然,形状詞-一般,16
わー,助詞-終助詞,16
女子,名詞-普通名詞-一般,16
気づい,動詞-一般,16
若干,名詞-普通名詞-副詞可能,16
驚い,動詞-一般,16
おにぎり,名詞-普通名詞-一般,16
屋,名詞-普通名詞-一般,16
むむ,感動詞-一般,16
おかしい,形容詞-一般,16
ヤコ,名詞-固有名詞-人名-一般,16
洗濯,名詞-普通名詞-サ変可能,16
守り,動詞-一般,16
もらえ,動詞-非自立可能,16
くさい,接尾辞-形容詞的,16
噂,名詞-普通名詞-サ変可能,16
守護,名詞-普通名詞-サ変可能,16
買っ,動詞-一般,16
加え,下一段-ア行,16
ちょうだい,名詞-普通名詞-サ変可能,16
パターン,名詞-普通名詞-一般,16
うー,感動詞-フィラー,16
コブ,名詞-普通名詞-一般,16
首,名詞-普通名詞-一般,16
直前,名詞-普通名詞-副詞可能,16
ぴらり,副詞,16
高い,形容詞-一般,16
そう,名詞-助動詞語幹,16
汗,名詞-普通名詞-一般,16
共,,16
なかなか,副詞,16
とっ,助動詞,16
じん,名詞-普通名詞-一般,16
ろ,名詞-普通名詞-一般,16
報告,名詞-普通名詞-サ変可能,16
とり,動詞-一般,16
おおかみ,名詞-普通名詞-一般,16
済ま,動詞-一般,16
恥ずかしい,形容詞-一般,16
昼,名詞-普通名詞-副詞可能,16
トマト,名詞-普通名詞-一般,16
偽者,名詞-普通名詞-一般,16
纏め,名詞-普通名詞-一般,16
にゃ,助動詞,16
考慮,名詞-普通名詞-サ変可能,16
多く,形容詞,16
作戦,名詞-普通名詞-一般,16
説得,名詞-普通名詞-サ変可能,16
せっかく,,16
9,名詞-数詞,16
元気,名詞-普通名詞-形状詞可能,16
感じる,動詞-一般,15
消費,,15
ふ,名詞-普通名詞-一般,15
ねえ,助動詞,15
ご飯,名詞-普通名詞-一般,15
いくら,,15
割っ,動詞-一般,15
真っ黒,形状詞-一般,15
事実,名詞-普通名詞-副詞可能,15
返し,動詞-一般,15
探偵,名詞-普通名詞-サ変可能,15
かね,接尾辞-動詞的,15
強く,形容詞-一般,15
ま,名詞-普通名詞-助数詞可能,15
こっそり,副詞,15
おりゃ,動詞-非自立可能,15
疲れ,動詞-一般,15
がんばる,動詞-一般,15
職業,名詞-普通名詞-一般,15
包帯,名詞-普通名詞-一般,15
残る,動詞-一般,15
程度,,15
精査,名詞-普通名詞-サ変可能,15
犬,名詞-普通名詞-一般,15
ロック,名詞-普通名詞-一般,15
聞か,動詞-一般,15
今後,,15
部分,名詞-普通名詞-一般,15
紳士,名詞-普通名詞-一般,15
とても,副詞,15
覗い,動詞-一般,15
乙,名詞-普通名詞-一般,15
CO,名詞-固有名詞-一般,15
駄目,名詞-普通名詞-形状詞可能,15
引き続き,動詞-一般,15
わ,感動詞-一般,15
おい,動詞-一般,15
迷え,動詞-一般,15
前提,名詞-普通名詞-一般,15
SG,名詞-普通名詞-一般,15
６,名詞-数詞,15
牙,名詞-普通名詞-一般,15
こわい,形容詞-一般,15
わかん,動詞-一般,15
かざし,五段-サ行,15
かける,動詞-非自立可能,15
45,名詞-数詞,15
むむむ,感動詞-一般,15
ノ,助詞-格助詞,15
おけ,動詞-非自立可能,15
無,接頭辞,15
少なく,形容詞-一般,15
下座,名詞-普通名詞-サ変可能,15
脱い,動詞-一般,15
枚,接尾辞-名詞的-助数詞,15
小さな,連体詞,15
うまい,形容詞-一般,15
簡単,形状詞-一般,15
難しい,形容詞,15
とも,,15
大変,副詞,15
もん,助詞-終助詞,15
明言,名詞-普通名詞-サ変可能,15
最,接頭辞,15
ラーメン,名詞-普通名詞-一般,15
すっかり,副詞,15
十字,,15
クリーム,名詞-普通名詞-一般,15
提案,名詞-普通名詞-サ変可能,15
ふーん,感動詞-一般,15
両方,,15
しー,助詞-接続助詞,15
とう,名詞-普通名詞-一般,15
大変,形状詞-一般,15
カチリ,副詞,15
抜い,動詞-非自立可能,15
倒れ,動詞-一般,15
とっても,副詞,15
待た,動詞-一般,15
服屋,名詞-普通名詞-一般,15
香り,名詞-普通名詞-一般,15
誤爆,名詞-普通名詞-サ変可能,15
新しい,形容詞-一般,15
結論,,15
構わ,動詞-一般,15
取り,動詞-一般,14
下着,名詞-普通名詞-一般,14
我が,連体詞,14
像,名詞-普通名詞-一般,14
そっち,代名詞,14
YO,名詞-普通名詞-一般,14
ほとんど,名詞-普通名詞-副詞可能,14
騙り,動詞-一般,14
整理,名詞-普通名詞-サ変可能,14
はっ,感動詞-一般,14
頼ん,動詞-一般,14
会話,名詞-普通名詞-サ変可能,14
貰っ,動詞-非自立可能,14
ズボン,,14
いで,動詞-一般,14
向け,動詞-一般,14
行こう,動詞-非自立可能,14
尻,名詞-普通名詞-一般,14
偽物,名詞-普通名詞-一般,14
名前,名詞-普通名詞-一般,14
茶,名詞-普通名詞-一般,14
利,,14
眠っ,動詞-一般,14
ひと,名詞-数詞,14
つける,動詞-非自立可能,14
勝手,名詞-普通名詞-形状詞可能,14
槍,名詞-普通名詞-一般,14
ずら,助動詞,14
不在,名詞-普通名詞-一般,14
オレ,代名詞,14
犯人,名詞-普通名詞-一般,14
含め,動詞-一般,14
推し,動詞-一般,14
得意,,14
はーい,感動詞-一般,14
行け,動詞-非自立可能,14
変わっ,動詞-一般,14
辺り,名詞-普通名詞-副詞可能,14
隣,名詞-普通名詞-一般,14
開示,名詞-普通名詞-サ変可能,14
吊り手,名詞-普通名詞-一般,14
みえ,動詞-一般,14
呪文,名詞-普通名詞-一般,14
ようやく,副詞,14
早,形容詞-一般,14
ネコ,名詞-普通名詞-一般,14
答え,,14
守ら,動詞-一般,14
重要,形状詞-一般,14
入る,動詞-一般,14
ラッキー,名詞-普通名詞-形状詞可能,14
正直,,14
うまく,形容詞-一般,14
打っ,動詞-一般,14
生まれ,動詞-一般,14
落とす,動詞-一般,14
足,名詞-普通名詞-一般,14
ん,助詞-終助詞,14
代わり,名詞-普通名詞-一般,14
ちと,,14
悪手,,14
想定,名詞-普通名詞-サ変可能,14
死亡,名詞-普通名詞-サ変可能,14
外れ,動詞-一般,14
停滞,名詞-普通名詞-サ変可能,14
様,形状詞-助動詞語幹,14
ひ,名詞-数詞,14
えーと,感動詞-フィラー,14
主張,名詞-普通名詞-サ変可能,14
きっ,動詞-非自立可能,14
そっ,副詞,14
ふにふに,副詞,14
厳しい,形容詞-一般,14
たっぷり,副詞,14
えー,感動詞-一般,14
子供,名詞-普通名詞-一般,14
とも,助詞-接続助詞,14
闇,名詞-普通名詞-一般,14
楽,名詞-普通名詞-形状詞可能,14
っつー,助動詞,13
肉体,名詞-普通名詞-一般,13
あんな,連体詞,13
遊ん,動詞-一般,13
出せる,動詞-非自立可能,13
すら,助詞-副助詞,13
ばー,副詞,13
割と,副詞,13
男性,名詞-普通名詞-一般,13
はー,助詞-係助詞,13
22,名詞-数詞,13
おこう,動詞-非自立可能,13
ええ,形容詞-非自立可能,13
わん,副詞,13
火,名詞-普通名詞-一般,13
ばっかり,助詞-副助詞,13
昨夜,,13
食っ,動詞-一般,13
木,名詞-普通名詞-一般,13
意識,名詞-普通名詞-サ変可能,13
投げ,動詞-一般,13
やすく,接尾辞-形容詞的,13
拾っ,動詞-一般,13
眠り,名詞-普通名詞-一般,13
拳,名詞-普通名詞-一般,13
しばらく,副詞,13
魔女,名詞-普通名詞-一般,13
探す,動詞-一般,13
上げ,動詞-非自立可能,13
こんばんわ,感動詞-一般,13
ちょうど,副詞,13
温泉,名詞-普通名詞-一般,13
せよ,動詞-非自立可能,13
だろー,助動詞,13
白黒,,13
パッション,名詞-普通名詞-一般,13
ねえ,名詞-普通名詞-一般,13
処理,名詞-普通名詞-サ変可能,13
あたり,名詞-普通名詞-副詞可能,13
証拠,名詞-普通名詞-一般,13
通し,動詞-非自立可能,13
よろしい,形容詞,13
ざっ,副詞,13
振っ,動詞-一般,13
開始,名詞-普通名詞-サ変可能,13
肉食,名詞-普通名詞-サ変可能,13
ディータ,名詞-普通名詞-一般,13
合わせ,動詞-一般,13
振り,動詞-一般,13
会,名詞-普通名詞-一般,13
唱え,下一段-ア行,13
寝過ごし,動詞-一般,13
勝てる,動詞-一般,13
記録,名詞-普通名詞-サ変可能,13
よん,助詞-終助詞,13
モリ,名詞-固有名詞-人名-一般,13
ぺったん,副詞,13
とおり,名詞-普通名詞-助数詞可能,13
答える,下一段-ア行,13
ペー,名詞-固有名詞-一般,13
降り,動詞-一般,13
面倒,名詞-普通名詞-形状詞可能,13
信じる,上一段-ザ行,13
性格,名詞-普通名詞-一般,13
額,,13
運命,名詞-普通名詞-一般,13
涙,名詞-普通名詞-サ変可能,13
カード,名詞-普通名詞-一般,13
く,名詞-数詞,13
漏れ,名詞-普通名詞-一般,13
でる,動詞-一般,13
付い,五段-カ行,13
匂い,名詞-普通名詞-一般,13
布団,名詞-普通名詞-一般,13
得る,動詞-非自立可能,13
にこ,副詞,13
うわぁ,感動詞-一般,13
スタイル,名詞-普通名詞-一般,13
ぴ,副詞,13
雑感,名詞-普通名詞-一般,13
リ,名詞-普通名詞-一般,13
国,名詞-普通名詞-一般,13
四,名詞-数詞,13
万,名詞-数詞,13
ディー,名詞-固有名詞-人名-一般,13
中身,名詞-普通名詞-一般,13
羊,名詞-固有名詞-人名-名,13
だし,動詞-非自立可能,13
邪魔,名詞-普通名詞-サ変形状詞可能,13
全力,名詞-普通名詞-一般,13
修道,名詞-普通名詞-一般,13
終わる,動詞-非自立可能,13
たたたたた,副詞,13
帰宅,名詞-普通名詞-サ変可能,13
ヅラ,名詞-普通名詞-一般,13
相棒,,13
取り出し,五段-サ行,13
まい,助動詞,13
ミスっ,動詞-一般,13
使わ,動詞-一般,13
あ〜,感動詞-一般,13
決まっ,動詞-一般,13
oO,名詞-普通名詞-一般,13
楽しみ,,13
いける,動詞-非自立可能,13
当たっ,動詞-一般,13
最高,名詞-普通名詞-形状詞可能,13
機,名詞-普通名詞-助数詞可能,13
かっこ,名詞-普通名詞-一般,12
かかっ,動詞-非自立可能,12
おれ,代名詞,12
歌,名詞-普通名詞-一般,12
休み,名詞-普通名詞-一般,12
高く,形容詞-一般,12
風味,,12
結婚,名詞-普通名詞-サ変可能,12
輝い,動詞-一般,12
ぞ,助詞-係助詞,12
空,名詞-普通名詞-一般,12
よぅ,助詞-終助詞,12
材料,名詞-普通名詞-一般,12
ロリコン,名詞-普通名詞-一般,12
ベッド,名詞-普通名詞-一般,12
離脱,名詞-普通名詞-サ変可能,12
爪,名詞-普通名詞-一般,12
はむ,名詞-普通名詞-一般,12
みるみる,副詞,12
おう,,12
有り,動詞-非自立可能,12
借り,動詞-一般,12
あん,名詞-普通名詞-一般,12
本物,名詞-普通名詞-一般,12
注意,名詞-普通名詞-サ変可能,12
効果,名詞-普通名詞-一般,12
もらえる,動詞-非自立可能,12
オッケー,名詞-普通名詞-サ変可能,12
クラ,名詞-普通名詞-一般,12
かつ,接続詞,12
押し,動詞-一般,12
現在,名詞-普通名詞-副詞可能,12
さらに,副詞,12
週間,名詞-普通名詞-助数詞可能,12
明け,動詞-一般,12
化,接尾辞-名詞的-サ変可能,12
目的,名詞-普通名詞-一般,12
ウソ,名詞-普通名詞-一般,12
辺,,12
片白,名詞-固有名詞-地名-一般,12
大根,名詞-普通名詞-一般,12
オープン,名詞-普通名詞-サ変形状詞可能,12
え,助詞-終助詞,12
すべて,名詞-普通名詞-副詞可能,12
犠牲,名詞-普通名詞-一般,12
後ろ,名詞-普通名詞-一般,12
全裸,,12
13,名詞-数詞,12
閉じ,動詞-一般,12
吊ろう,動詞-一般,12
かあ,助詞-終助詞,12
騙し,動詞-一般,12
アイ,名詞-普通名詞-一般,12
保留,名詞-普通名詞-サ変可能,12
多,形容詞,12
際,名詞-普通名詞-副詞可能,12
天秤,名詞-普通名詞-一般,12
片方,名詞-普通名詞-一般,12
予感,名詞-普通名詞-サ変可能,12
まとめる,動詞-一般,12
ねー,名詞-普通名詞-一般,12
健康,名詞-普通名詞-形状詞可能,12
バー,名詞-普通名詞-一般,12
ろう,名詞-普通名詞-一般,12
お蝶,名詞-固有名詞-人名-名,12
隠れ,動詞-一般,12
評議,,12
終わら,動詞-非自立可能,12
ゆえ,名詞-普通名詞-副詞可能,12
くら,名詞-普通名詞-一般,12
光り,名詞-普通名詞-一般,12
ヒゲ,名詞-普通名詞-一般,12
あげよう,動詞-非自立可能,12
白出し,名詞-普通名詞-一般,12
出れ,動詞-一般,12
貰う,動詞-非自立可能,12
痛く,形容詞-一般,12
腕,名詞-普通名詞-一般,12
使え,動詞-一般,12
ステッキ,名詞-普通名詞-一般,12
ﾉ,名詞-普通名詞-一般,12
席,名詞-普通名詞-一般,12
びん,名詞-普通名詞-一般,12
持つ,動詞-一般,12
祈り,動詞-一般,12
全体,名詞-普通名詞-一般,12
コア,名詞-普通名詞-形状詞可能,12
美,名詞-普通名詞-一般,12
ＬＷ,名詞-普通名詞-一般,12
じゃーん,助詞-終助詞,12
割れ,動詞-一般,12
行動,名詞-普通名詞-サ変可能,12
一撃,名詞-普通名詞-サ変可能,12
間違っ,動詞-非自立可能,12
コーナー,名詞-普通名詞-一般,12
たぁ,助動詞,12
Yeah,名詞-普通名詞-一般,12
死ぬ,動詞-一般,12
命,名詞-普通名詞-一般,12
呪い,,12
礼拝,名詞-普通名詞-サ変可能,12
ただ,副詞,11
止め,動詞-一般,11
やろう,動詞-非自立可能,11
検査,名詞-普通名詞-サ変可能,11
映っ,動詞-一般,11
わたくし,代名詞,11
て,接続詞,11
生,名詞-普通名詞-形状詞可能,11
ギリギリ,副詞,11
こりゃ,,11
寝,名詞-普通名詞-一般,11
よく,形容詞-非自立可能,11
クッキング,名詞-普通名詞-サ変可能,11
わんわん,副詞,11
勢い,名詞-普通名詞-一般,11
いかが,形状詞-一般,11
寒い,形容詞-一般,11
不要,形状詞-一般,11
偉大,形状詞-一般,11
開け,動詞-一般,11
うわー,感動詞-一般,11
セガール,名詞-固有名詞-人名-一般,11
ふっ,副詞,11
ｪ,名詞-普通名詞-一般,11
うぅ,感動詞-一般,11
ワイルド,形状詞-一般,11
封印,名詞-普通名詞-サ変可能,11
ねがい,動詞-非自立可能,11
具体,名詞-普通名詞-一般,11
助かっ,動詞-一般,11
向かっ,動詞-一般,11
護る,動詞-一般,11
流れ,動詞-一般,11
．,名詞-普通名詞-一般,11
はじめ,動詞-非自立可能,11
立っ,動詞-一般,11
あらあら,,11
どんどん,副詞,11
真,名詞-固有名詞-人名-名,11
アーメン,,11
戦術,名詞-普通名詞-一般,11
頂戴,名詞-普通名詞-サ変可能,11
きゃー,感動詞-一般,11
余っ,動詞-一般,11
鼻,名詞-普通名詞-一般,11
壁,名詞-普通名詞-一般,11
立派,形状詞-一般,11
飛ん,動詞-一般,11
省略,名詞-普通名詞-サ変可能,11
ちょっ,副詞,11
書真,名詞-固有名詞-一般,11
はっきり,副詞,11
いれ,動詞-一般,11
出先,,11
ぺた,副詞,11
論,名詞-普通名詞-一般,11
出会い,名詞-普通名詞-一般,11
ぱんつ,,11
参考,名詞-普通名詞-サ変可能,11
甘い,形容詞-一般,11
遊び,動詞-一般,11
伝え,下一段-ア行,11
完成,名詞-普通名詞-サ変可能,11
暫定,名詞-普通名詞-一般,11
突っ込ん,動詞-一般,11
先生,名詞-普通名詞-一般,11
時期,名詞-普通名詞-副詞可能,11
件,名詞-普通名詞-助数詞可能,11
読み,動詞-一般,11
悔やみ,名詞-普通名詞-一般,11
乙女,名詞-普通名詞-一般,11
行か,動詞-非自立可能,11
歳,接尾辞-名詞的-助数詞,11
使用,名詞-普通名詞-サ変可能,11
めんど,名詞-普通名詞-形状詞可能,11
内容,名詞-普通名詞-一般,11
いざ,感動詞-一般,11
し,助動詞,11
中略,,11
みろ,動詞-非自立可能,11
超え,動詞-一般,11
付け,動詞-非自立可能,11
ぞー,助詞-終助詞,11
たる,助動詞,11
ほしかっ,形容詞-非自立可能,11
ポンコツ,名詞-普通名詞-一般,11
被っ,動詞-一般,11
単純,形状詞-一般,11
瞳,名詞-普通名詞-一般,11
名,名詞-普通名詞-助数詞可能,11
とけ,助動詞,11
処刑,名詞-普通名詞-サ変可能,11
RP,名詞-普通名詞-一般,11
良く,形容詞-非自立可能,11
まっ,動詞-一般,11
場所,名詞-普通名詞-一般,11
輝く,動詞-一般,11
いや,形状詞-一般,11
待ち,名詞-普通名詞-一般,11
黒塗り,名詞-普通名詞-一般,11
おら,動詞-非自立可能,11
ドキドキ,副詞,11
ry,名詞-普通名詞-一般,11
趣味,名詞-普通名詞-一般,11
無視,名詞-普通名詞-サ変可能,11
伝わる,動詞-一般,11
未,接頭辞,11
21,名詞-数詞,11
特製,名詞-普通名詞-一般,11
一体,副詞,11
有る,動詞-非自立可能,11
タ,助動詞,11
御免,名詞-普通名詞-一般,11
７,名詞-数詞,10
取る,動詞-一般,10
ﾒｪ,名詞-普通名詞-一般,10
はずし,動詞-一般,10
返答,,10
お腹,名詞-普通名詞-一般,10
回さ,動詞-一般,10
載せ,動詞-一般,10
札,名詞-普通名詞-一般,10
スイカ,名詞-普通名詞-一般,10
反省,名詞-普通名詞-サ変可能,10
動か,動詞-一般,10
地下,,10
毎日,,10
さくっ,副詞,10
クッキー,名詞-普通名詞-一般,10
多かっ,形容詞,10
返事,名詞-普通名詞-サ変可能,10
EP,名詞-普通名詞-一般,10
後悔,名詞-普通名詞-サ変可能,10
着ぐるみ,名詞-普通名詞-一般,10
さ,感動詞-一般,10
扉,名詞-普通名詞-一般,10
無く,形容詞-非自立可能,10
天使,名詞-普通名詞-一般,10
ふぁー,副詞,10
むにゃむにゃ,,10
読む,動詞-一般,10
スープ,名詞-普通名詞-一般,10
知らせ,名詞-普通名詞-一般,10
終わり,名詞-普通名詞-一般,10
身,名詞-普通名詞-一般,10
ナス,名詞-普通名詞-一般,10
れれ,助動詞,10
メエ,副詞,10
方向,名詞-普通名詞-一般,10
提出,名詞-普通名詞-サ変可能,10
まずい,形容詞-一般,10
進ん,動詞-一般,10
騙る,動詞-一般,10
カップ,名詞-普通名詞-一般,10
まわし,動詞-一般,10
ゲーム,名詞-普通名詞-一般,10
レベル,,10
引き,動詞-一般,10
じゃろう,助動詞,10
バレバレ,名詞-普通名詞-形状詞可能,10
よー,形状詞-助動詞語幹,10
いただい,動詞-非自立可能,10
飲み,動詞-一般,10
YES,名詞-普通名詞-一般,10
剣,名詞-普通名詞-一般,10
勘違い,名詞-普通名詞-サ変可能,10
吉,,10
書類,名詞-普通名詞-一般,10
出汁,名詞-普通名詞-一般,10
見つける,動詞-一般,10
思いつか,未然形-一般,10
十分,形状詞-一般,10
今朝,名詞-普通名詞-副詞可能,10
一言,名詞-普通名詞-一般,10
増える,動詞-一般,10
意思,名詞-普通名詞-一般,10
限界,名詞-普通名詞-一般,10
忙しい,形容詞-一般,10
来れ,動詞-非自立可能,10
おっ,感動詞-一般,10
美しい,形容詞-一般,10
笑,名詞-普通名詞-一般,10
やん,動詞-非自立可能,10
証明,名詞-普通名詞-サ変可能,10
ほう,,10
きょう,名詞-普通名詞-副詞可能,10
ふう,感動詞-一般,10
数,名詞-数詞,10
触れる,動詞-一般,10
100,名詞-数詞,10
日,名詞-普通名詞-助数詞可能,10
悪かっ,形容詞-一般,10
商品,名詞-普通名詞-一般,10
破壊,名詞-普通名詞-サ変可能,10
人物,名詞-普通名詞-一般,10
重い,形容詞-一般,10
擁護,名詞-普通名詞-サ変可能,10
雨,名詞-普通名詞-一般,10
罪,名詞-普通名詞-一般,10
うう,感動詞-一般,10
護っ,動詞-一般,10
素,,10
怖く,形容詞-一般,10
全,接頭辞,10
挙げ,動詞-非自立可能,10
狙わ,動詞-一般,10
はやく,形容詞-一般,10
引き,名詞-普通名詞-一般,10
回る,動詞-非自立可能,10
手数,名詞-普通名詞-一般,10
え,動詞-非自立可能,10
暇,名詞-普通名詞-形状詞可能,10
食う,動詞-一般,10
劇場,名詞-普通名詞-一般,10
殴り,動詞-一般,10
違い,名詞-普通名詞-一般,10
始める,動詞-非自立可能,10
焦っ,動詞-一般,10
立て,動詞-一般,10
森,名詞-普通名詞-一般,10
ほ,感動詞-一般,10
舐め,動詞-一般,10
強,形容詞-一般,10
勝ち筋,名詞-普通名詞-一般,10
おら,感動詞-一般,10
数え,動詞-一般,10
帰れ,動詞-一般,10
続ける,動詞-非自立可能,10
がんばっ,動詞-一般,10
対応,名詞-普通名詞-サ変可能,10
気分,名詞-普通名詞-一般,10
珍しい,形容詞-一般,10
設定,名詞-普通名詞-サ変可能,10
わーい,感動詞-一般,10
ラン,名詞-普通名詞-サ変可能,10
面,,10
披露,名詞-普通名詞-サ変可能,10
困っ,動詞-一般,10
破綻,名詞-普通名詞-サ変可能,10
宿屋,名詞-普通名詞-一般,10
ミミ,名詞-固有名詞-人名-一般,10
や,形状詞-一般,10
暫く,副詞,10
静か,形状詞-一般,10
にて,助詞-格助詞,10
つき,五段-カ行,10
映る,動詞-一般,10
確信,名詞-普通名詞-サ変可能,10
晴らし,名詞-普通名詞-一般,10
ちまう,助動詞,10
人肉,名詞-普通名詞-一般,10
責任,名詞-普通名詞-一般,10
黒く,形容詞-一般,10
負け,名詞-普通名詞-一般,10
指定,名詞-普通名詞-サ変可能,10
ママ,名詞-普通名詞-一般,10
同意,名詞-普通名詞-サ変可能,10
アリ,名詞-普通名詞-一般,10
編成,名詞-普通名詞-サ変可能,10
視野,名詞-普通名詞-一般,10
指摘,名詞-普通名詞-サ変可能,10
応援,名詞-普通名詞-サ変可能,10
茶番,名詞-普通名詞-一般,10
似,動詞-一般,10
なり,助動詞,10
半分,名詞-普通名詞-副詞可能,10
